cname,caddress,cemail,cwebsite,cnumber,cfax
KONTA SEO INTERNET MARKETING SERVICE,"NMAI DJORN, NEXT TO AYENSU RIVER ESTATES, UNIVERSITY FARM ROAD - ACCRA",admin@kontaseo.com,www.kontaseo.com,(+233) 546 27 07 01,
REGGIO INTERNET,P.O.BOX KA 9924 - ACCRA,reggiointernet@yahoo.com,www.reggiointernet.com,(+233) 021 25 46 53,(+233) 021 67 20 00
TRUE @INTERNET,P.O.BOX KA 16253 - ACCRA,admin@true-internet.com,www.true-internet.com,(+233) 021 23 27 78,(+233) 021 23 05 22
BUSYINTERNET,P.O.BOX CCC 90 - ACCRA,info@busyinternet.com,www.busyinternet.com,(+233) 021 25 88 00,(+233) 021 25 88 11
BUSYINTERNET,P.O.BOX CCC 90 - ACCRA,info@busyinternet.com,www.busyinternet.com,(+233) 021 25 88 00,(+233) 021 25 88 11
CEDECOM INTERNET CAFE,P.O.BOX 1198 - CAPE COAST,isaacac@live.com,www.centralregion.gov.gh,(+233) 332 13 28 55 & 546 58 07 50,
REGGIO INTERNET,P.O.BOX KA 9924 - ACCRA,reggiointernet@yahoo.com,www.reggiointernet.com,(+233) 021 25 46 53,(+233) 021 67 20 00
TRUE @INTERNET,P.O.BOX KA 16253 - ACCRA,admin@true-internet.com,www.123.com,(+233) 21 23 27 78,(+233) 21 23 05 22
BUSYINTERNET,P.O.BOX CCC 90 - ACCRA,info@busyinternet.com,www.busyinternet.com,(+233) 021 25 88 00,(+233) 021 25 88 11
ADS MEDIA AGENCY,- ACCRA,,www.adsmediaagency.com,(+233) 021 31 43 52,(+233) 021 31 43 52
AFRICA ONLINE GHANA,P.O.BOX ST 84 - ACCRA,info@africaonline.com.gh,www.africaonline.com.gh,(+233) 021 24 60 65,(+233) 021 24 61 82
ALBERT OSEL OFOSUAPEA,P.O.BOX KN 1745 - ACCRA,info@ofosuapea.tk,www.ofosuapea.tk,(+233) 027 753 53 78,(+233) 021 25 01 50
ALINK TELECOM GHANA,FARRAR AVE - ACCRA,sales@alinktelecom.net.gh,www.alinktelecom.net.gh,(+233) 21 23 77 40,(+233) 21 23 75 30
ASTRA COMPUTING SYSTEMS,P.O.BOX LG 463 - ACCRA,astra@africaonline.com.gh,,(+233) 021 40 50 04,(+233) 021 40 50 13
BANERA CONSULT & SERVICES,P.O.BOX 588 - BOLGATANGA,baneraconsult@yahoo.com,,(+233) 072 222 68,(+233) 072 222 68
BEAUTIFUL BEGUINNINGS,P.O.BOX KN 266 - ACCRA,edwinajames@yahoo.co.uk,,(+233) 021 22 77 04,(+233) 021 22 77 04
BHG DESIGN,P.O.BOX OD 285 - ACCRA,info@bhgdesign.com,www.bhgdesign.com,(+233) 021 32 59 17,(+233) 021 23 34 23
BIZ AURA,HAATSO - ACCRA,info@bizaura.com,www.bizaura.com,(+233) 024 471 09 56,
BUSYINTERNET,P.O.BOX CCC 90 - ACCRA,info@busyinternet.com,www.busyinternet.com,(+233) 021 25 88 00,(+233) 021 25 88 11
CHOICE LINK ADVERTISING,P.O.BOX 17344 - ACCRA,aloligar@yahoo.co.uk,,(+233) 024 344 94 44 & 027 740 70 76,
CIS,P.O.BOX CT 121 - ACCRA,info@cisghana.com,www.cisghana.com,(+233) 021 23 11 69,(+233) 021 23 11 74
CONNECT ESPERT,"P.O.BOX KT 69, AWOSHIE - ACCRA",info@connectespert.com,www.connectespert.com,(+233) 205 36 00 00 & 205 31 33 33,
DISEC,P.O.BOX 280 - ACCRA,akamoah@gmail.com,www.disec.bravehost.com,(+233) 024 483 03 62,
EXZEED COMPANY,HIGH ST - ACCRA,info@exzeed.com.gh,www.exzeed.com.gh,(+233) 021 21 11 85,(+233) 021 68 33 82
FILADOT INTERNATIONAL GHANA,P.O.BOX KN 1745 - ACCRA,info@filadot.com,www.filadot.com,(+233) 021 25 01 50,(+233) 021 25 01 50
GOSTRICH,P.O.BOX 8768 - ACCRA,gostrichltd@gmail.com,www.gostrich.com,(+233) 02 76 26 29 82,
INNOVATION CREEK,WESLEY GRAMMAR - ACCRA,info@innocreek.com,www.innocreek.com,(+233) 021 27 60 91 & 020 769 25 05,
INTECH LINK,ASHONGMAN ESTATE  - ACCRA,kingabel84@gmail.com,http://intechlink.com,(+233) 24 255 03 46,
INTERACTIVE DIMENSIONS,WEST LEGON - ACCRA,info@interactivedimensions.net,www.interactivedimensions.net,(+233) 021 40 50 23,(+233) 021 40 50 23
JOBSEARCHGH JOB PORTAL,C32A/16 MENSA GUINEA ALAJO - ACCRA,info@jobsearchgh.com,www.jobsearchgh.com,(+233) 209 06 20 38,
JOEDASH COMPUTER & TELECOM,P.O.BOX SR 128 - ACCRA,joedash@blackplanet.com,,(+233) 024 438 04 54,(+233) 021 71 96 09
KOBENG COMMUNICATIONS,P.O.BOX 360 - NKAWKAW,sales@kobeng.com,www.kobeng.com,(+233) 084 22 22 26,(+233) 084 22 23 35
LEGEND DESIGN HOUSE,P.O.BOX 1451 - ACCRA,legend@idngh.com,www.legendesignhouse.com,(+233) 021 77 71 74,(+233) 021 76 11 79
NET REGIME SOLUTIONS,P.O.BOX 6297 - ACCRA,info@webhostghana.com,www.webhostghana.com,(+233) 021 51 89 12,(+233) 021 51 71 67
NIIKUS TELECOM & INFORMATION SYSTEMS,P.O.BOX TF 357 - ACCRA,info@niikus.com,www.niikus.com,(+233) 021 27 61 61,(+233) 021 27 61 62
O3 MULTIMEDIA NETWORK,P.O.BOX GP 21183 - ACCRA,info@o3multimedia.com,www.o3multimedia.com,(+233) 021 30 34 88,(+233) 021 30 34 88
PORTMONI,"F 393/4, OTSWE STREET - ACCRA",benoit@portmoni.com,http://portmoni.com,(+233) 655 05 05 52,
PRO MEDIA CONSULT,P.O.BOX KCBC 26 - ACCRA,info@pro-mediaconsult.com,www.pro-mediaconsult.com,(+233) 021 25 58 34,(+233) 021 25 12 48
QROM .NET,P.O.BOX DS 250 - ACCRA,info@qrom.net,www.qrom.net,(+233) 021 30 38 51,(+233) 021 30 38 51
QUALTEK,P.O.BOX GP 17187 - ACCRA,qualtek@yahoo.com,www.qualtek.ibusinessdot.com,(+233) 021 25 63 45,(+233) 021 22 39 56
RADIUS CONSULTING GHANA,P.O.BOX CT 318 - ACCRA,info@radiusconsultingghana.com,www.radiusconsultingghana.com,(+233) 021 28 71 21,(+233) 021 41 87 45
SOFTBASE,P.O.BOX AN 19059 - ACCRA,info@softbasegroup.com,www.softbasegroup.com,(+233) 021 92 60 27 & 027 755 14 92,
TIMES OF AFRICA MEDIA GROUP,P.O.BOX 1936 - ACCRA,taftimes1@gmail.com,www.taftimes.com,(+233) 302 91 62 57,
TRUE @INTERNET,P.O.BOX KA 16253 - ACCRA,admin@true-internet.com,www.true-internet.com,(+233) 021 23 27 78,(+233) 021 23 05 22
VALEVIEW SYSTEM SERVICES,"4, TANTRA HILL EST - ACCRA",raycee59@yahoo.co.uk,,(+233) 021 77 82 94,(+233) 021 77 82 94
WWW PLUS,P.O.BOX CT 488 - ACCRA,info@wwwplus.com,www.wwwplus.com,(+233) 021 25 21 00,(+233) 021 24 79 71
ACELON GHANA,P.O.BOX CT 248 - ACCRA,info@accelonghana.com,www.accelonafrica.com,(+233) 021 66 18 32,(+233) 021 66 33 78
AFRICA ONLINE GHANA,P.O.BOX ST 84 - ACCRA,info@africaonline.com.gh,www.africaonline.com.gh,(+233) 021 24 60 65,(+233) 021 24 61 82
AFRINET COMMUNICATIONS,P.O.BOX CT 1167 - ACCRA,admin@afrinetcom.net,www.afrinetcom.net,(+233) 021 77 02 14,(+233) 021 77 02 15
AFRIPA TELECOM GHANA,P.O.BOX CT 37 - ACCRA,info@afripatelecom.gh,www.afripatelecom.gh,(+233) 021 23 77 31,(+233) 021 23 75 30
ALINK TELECOM GHANA,FARRAR AVE - ACCRA,sales@alinktelecom.net.gh,www.alinktelecom.net.gh,(+233) 21 23 77 40,(+233) 21 23 75 30
BUSYINTERNET,P.O.BOX CCC 90 - ACCRA,info@busyinternet.com,www.busyinternet.com,(+233) 021 25 88 00,(+233) 021 25 88 11
DART COMMUNICATION,NORTH RIDGE - ACCRA,info@dart.com,www.dart.com,(+233) 021 701 27 18,(+233) 021 701 27 19
DISCOVERYTEL GHANA,P.O.BOX CT 3591 - ACCRA,sales@discoverytelghana.net,www.discoverytelghana.net,(+233) 021 76 92 51,(+233) 021 76 92 50
ECOBAND NETWORKS,PMB KA 43 - ACCRA,sales@ecoband.net,www.ecoband.net,(+233) 21 77 52 21,(+233) 21 77 52 22
I CALLS,P.O.BOX 8282 - TEMA,info@i-calls.net,www.i-calls.net,(+233) 022 31 09 28,(+233) 022 31 09 29
IBURST GHANA,MANGO AVE - ACCRA,accra@iburstghana.com,www.iburstghana.com,(+233) 021 21 42 00,(+233) 021 91 08 31
INTERNET GHANA,P.O.BOX AD 84 - ACCRA,dslnoc@dslghana.com,www.internetghana.com,(+233) 021 25 18 71,(+233) 021 25 18 77
INTERSKYNET SYSTEMS,P.O.BOX 1980 - TAMALE,interskynett@gmail.com,,(+233) 27 807 83 75,
K NET MULTIMEDIA DATA NETWORK,P.O.BOX OS 641 - ACCRA,info@knetgh.com,www.knetgh.com,(+233) 021 22 47 15,(+233) 021 22 78 02
KAISS INN,P.O.BOX OS 151 - ACCRA,info@kaissinn.net,www.kaissin.net,(+233) 021 51 77 46,(+233) 021 51 77 45
LINKSERVE,P.O.BOX 29 - OSU/ACCRA,conuigbo@linkserve.net,www.linkserve.net,(+233) 021 27 00 45,(+233) 021 27 00 46
MOBILE 2 I,P.O.BOX TN 1293 - ACCRA,info@mobile2i.com,www.mobile2i.com,(+233) 028 777 77 71,(+233) 021 68 86 93
NAS INTER GLOBAL NETWORKS,P.O.BOX KA 30682 - ACCRA,sales@nasglobal.com,,(+233) 021 701 28 01,(+233) 021 701 28 03
NB TELEWORLD GHANA,P.O.BOX AN 15497 - ACCRA,info@nbteleworld.com,www.nbteleworld.com,(+233) 021 22 74 89,(+233) 021 23 61 80
NCS,"34, CHURCH CRESCENT - ACCRA",support@ghana.com,www.clickghana.com,(+233) 021 77 93 21,(+233) 021 77 33 72
NETAFRIQUE,P.O.BOX TN 1293 - ACCRA,info@netafrique.com,www.netafrique.com,(+233) 021 68 86 99,(+233) 021 68 86 93
NETSOL GHANA C¡,P.O.BOX CE 11006 - TEMA,sales@netsolghana.com,www.netsolghana.com,(+233) 022 30 22 96,(+233) 022 30 22 96
NOCHESKI & C¡,SOLOMON ST - TEMA,info@nocheski.com,www.nocheski.com,(+233) 022 41 00 04,(+233) 022 41 00 04
Q KON,- ACCRA,sales@u-dinks.com,www.qkon.com,(+233) 021 81 13 95,(+233) 021 81 14 06
SURFCOM COMMUNICATIONS,P.O.BOX KB 21 - ACCRA,info@surfcomgh.com,www.surfcomgh.com,(+233) 022 40 42 44,(+233) 021 81 55 83
TELEDATA ICT,P.O.BOX AN 8839 - ACCRA,info@teledataict.com,www.teledataict.com,(+233) 021 23 86 62,(+233) 021 23 84 94
TINO SOLUTIONS,P.O.BOX LG 817 - ACCRA,info@tinosolutions.com,www.tinosolutions.com,(+233) 021 78 25 34,(+233) 021 78 25 34
TRUE @INTERNET,P.O.BOX KA 16253 - ACCRA,admin@true-internet.com,www.true-internet.com,(+233) 021 23 27 78,(+233) 021 23 05 22
UNIVERSAL CYBERLINKS,P.O.BOX SK 717 - ACCRA,sales@u-clinks.com,,(+233) 021 81 14 87,(+233) 021 81 16 42
WEB 5000 PROJECTS,P.O.BOX KT 69 - ACCRA,info@web5000projects.com,www.web5000projects.com,(+233) 205 36 00 00 & 205 31 33 33 & 204 07 70 87,
WWW PLUS,P.O.BOX CT 488 - ACCRA,info@wwwplus.com,www.wwwplus.com,(+233) 021 25 21 00,(+233) 021 24 79 71
ZIPNET,P.O.BOX C 2033 - ACCRA,info@myzipnet.com,www.myzipnet.com,(+233) 021 78 03 61,(+233) 021 78 03 81
BRIDGEGROUP,"CRITERION APARTMENTS, ELM DEVELOPMENT, GREY HILL RD - ACCRA",info@bridgegroup.tech,www.bridgegroup.tech,(+233) 554 68 17 20,
DAEZY WORLD,NORTH LEGON - ACCRA,info@daezyworld.com,www.daezyworld.com,(+233) 245 24 39 67,
DEBSON MEDIA,"COMMUNITY 18 RD, OPP. DSTV SPINTEX - ACCRA",info@debsonmedia.com,www.debsonmedia.com,(+233) 303 96 72 40 & 200 39 59 49,
DELGATECH,"RICO HOUSE HO, VOLTA REGION - HO ACCRA",services@delgatechsolutions.com,https://delgatechsolutions.com,(+233) 509 44 38 27,(+233) 509 44 38 27
GESATECH SOLUTIONS,"N° 35/C16, OFF SPINTEX ROAD - ACCRA",sales@gesatech.com,www.gesatech.com,(+233) 30 29 72 89,
GRAVITY WEB SOLUTIONS,HSE N° 17 ATTA OKO ASHIE AVE EAST LEGON - ACCRA,info@gravitywebsolutionsgh.com,www.gravitywebsolutions.com,(+233) 02 03 72 75 63 & 02 03 72 75 31,
HOST.COM,... - ACCRA,hostghana1@gmail.com,www.host.com.gh,(+233) 555 57 23 89,
JASBASOFT,NSUTA B 18 - TARKWA,info@jasbasoft.com,https://www.jasbasoft.com,(+233) 505 86 80 52,
JOBHOUSE WEB SERVICES,"OPPOSITE OKPONGLO TAXI RANK, EAST LEGON - ACCRA",web@jobhouse.com.gh,https://jobhouse.com.gh/web-design-and-web-services,(+233) 05 57 80 82 73 & 03 02 99 92 34,
KAVA MEDIA,P.O.BOX AN 12797  - ACCRA,hello@kavaghana.com,www.kavaghana.com,(+233) 242 16 76 32,
KODECENTURY TECHNOLOGIES,"LANE 9, ANYAA - ACCRA",info@kodecentury.com,www.kodecentury.com,(+233) 272 29 90 20,
LINQWORTH LIMITED,"M 07/1 BANANA LANE, MADINA - ACCRA",business@linqworth.com,https://www.linqworth.com,(+233) 302 91 90 11,
MAXIBERN DIGITAL,"P.O.BOX KN1739, KANESHIE - ACCRA",support@maxiberndigital.net,https://maxiberndigital.net,(+233) 302 94 02 91,
NELSON GENIUS WEB LIMITED,"4TH FLOOR MENABA PLAZA, OPPOSITE RAWLINGS PARK - ACCRA",info@nelsongenius.com,https://nelsongenius.com,(+233) 249 28 58 85 & 508 60 21 26,(+233) 508 60 21 26
PEDAL MEDIA CONSULT,HOUSE N° 6 ALALOMA STREET ADENTA HOUSING DOWN - ACCRA,billionbroda@gmail.com,www.pedaldigitalinstitute.com,(+233) 243 18 17 70,
RABBITEK SOLUTIONS,"MEDIE, OFF ACCRA, NSAWAM ROAD, M&D CLINIC STREET - ACCRA",info.office@rabbitek.com,www.rabbitek.com,(+233) 548 83 92 50 & 506 20 78 49,
RIGHTWEB TECHNOLOGIES,"SARPEIMAN, NSAWAM RD - ACCRA",info@rightwebghana.com,www.rightwebghana.com,(+233) 244 89 65 27 & 545 09 31 15,
SWIFTFOXX,"P.O.BOX TB 248, TAIFA BURKINA - ACCRA",swiftfoxxnews@gmail.com,www.swiftfoxx.com,(+233) 03 03 96 84 09 & 02 43 04 56 14,
ULTIMATE WEB DESIGN,P.O.BOX 657 - TAKORADI,kofiessew10@gmail.com,www.ultimatewebdesigns.cf,(+233) 05 70 81 61 71,
ZELDA TECHNOLOGY,"P.O.BOX DS 2027, DANSOMAN  - ACCRA",zeldatechnology@gmail.com,www.zeldatechnology.com,(+233) 02 72 07 38 15,
KONTA SEO INTERNET MARKETING SERVICE,"ADJACENT ZOOMLION HQ, NMAI DJORN  - ACCRA",eodinta247@gmail.com,www.kontaseo.com,(+233) 546 27 07 01,
